<?xml version="1.0" encoding="UTF-8"?>
<project-private xmlns="http://www.netbeans.org/ns/project-private/1">
    <editor-bookmarks xmlns="http://www.netbeans.org/ns/editor-bookmarks/2" lastBookmarkId="0"/>
    <open-files xmlns="http://www.netbeans.org/ns/projectui-open-files/2">
        <group>
            <file>file:/C:/xampp/htdocs/AssignmentPHP/bookstore_user/forget-password-sendEmail.php</file>
            <file>file:/C:/xampp/htdocs/AssignmentPHP/bookstore_user/login.php</file>
            <file>file:/C:/xampp/htdocs/AssignmentPHP/bookstore_user/forget-password.php</file>
            <file>file:/C:/xampp/htdocs/AssignmentPHP/bookstore_user/forget-password-mail.php</file>
            <file>file:/C:/xampp/htdocs/AssignmentPHP/bookstore_user/forget-password-process.php</file>
        </group>
    </open-files>
</project-private>
